MOFID,subset,group_key,Linker_id,Connector_id,Metal,Donor
L1-N-CoCo-C,Dev,L1|UnitA|Co|N,L1,UnitA,Co,N
L1-N-CoCo-CHO,Lockbox,L1|UnitB|Co|N,L1,UnitB,Co,N
L1-N-CrCr-C,Dev,L1|UnitA|Cr|N,L1,UnitA,Cr,N
L1-N-CrCr-CHO,Dev,L1|UnitB|Cr|N,L1,UnitB,Cr,N
L1-N-CuCu-C,Dev,L1|UnitA|Cu|N,L1,UnitA,Cu,N
L1-N-CuCu-CHO,Dev,L1|UnitB|Cu|N,L1,UnitB,Cu,N
L1-N-FeFe-C,Dev,L1|UnitA|Fe|N,L1,UnitA,Fe,N
L1-N-FeFe-CHO,Lockbox,L1|UnitB|Fe|N,L1,UnitB,Fe,N
L1-N-MnMn-C,Lockbox,L1|UnitA|Mn|N,L1,UnitA,Mn,N
L1-N-MnMn-CHO,Dev,L1|UnitB|Mn|N,L1,UnitB,Mn,N
L1-N-NiNi-C,Dev,L1|UnitA|Ni|N,L1,UnitA,Ni,N
L1-N-NiNi-CHO,Dev,L1|UnitB|Ni|N,L1,UnitB,Ni,N
L1-N-ScSc-C,Lockbox,L1|UnitA|Sc|N,L1,UnitA,Sc,N
L1-N-ScSc-CHO,Dev,L1|UnitB|Sc|N,L1,UnitB,Sc,N
L1-N-TiTi-C,Dev,L1|UnitA|Ti|N,L1,UnitA,Ti,N
L1-N-TiTi-CHO,Dev,L1|UnitB|Ti|N,L1,UnitB,Ti,N
L1-N-VV-C,Lockbox,L1|UnitA|V|N,L1,UnitA,V,N
L1-N-VV-CHO,Dev,L1|UnitB|V|N,L1,UnitB,V,N
L1-N-ZnZn-C,Dev,L1|UnitA|Zn|N,L1,UnitA,Zn,N
L1-N-ZnZn-CHO,Dev,L1|UnitB|Zn|N,L1,UnitB,Zn,N
L1-O-CoCo-C,Dev,L1|UnitA|Co|O,L1,UnitA,Co,O
L1-O-CoCo-CHO,Dev,L1|UnitB|Co|O,L1,UnitB,Co,O
L1-O-CrCr-C,Dev,L1|UnitA|Cr|O,L1,UnitA,Cr,O
L1-O-CrCr-CHO,Dev,L1|UnitB|Cr|O,L1,UnitB,Cr,O
L1-O-CuCu-C,Dev,L1|UnitA|Cu|O,L1,UnitA,Cu,O
L1-O-CuCu-CHO,Dev,L1|UnitB|Cu|O,L1,UnitB,Cu,O
L1-O-FeFe-C,Lockbox,L1|UnitA|Fe|O,L1,UnitA,Fe,O
L1-O-FeFe-CHO,Dev,L1|UnitB|Fe|O,L1,UnitB,Fe,O
L1-O-MnMn-C,Dev,L1|UnitA|Mn|O,L1,UnitA,Mn,O
L1-O-MnMn-CHO,Dev,L1|UnitB|Mn|O,L1,UnitB,Mn,O
L1-O-NiNi-C,Lockbox,L1|UnitA|Ni|O,L1,UnitA,Ni,O
L1-O-NiNi-CHO,Lockbox,L1|UnitB|Ni|O,L1,UnitB,Ni,O
L1-O-ScSc-C,Dev,L1|UnitA|Sc|O,L1,UnitA,Sc,O
L1-O-ScSc-CHO,Dev,L1|UnitB|Sc|O,L1,UnitB,Sc,O
L1-O-TiTi-C,Dev,L1|UnitA|Ti|O,L1,UnitA,Ti,O
L1-O-TiTi-CHO,Dev,L1|UnitB|Ti|O,L1,UnitB,Ti,O
L1-O-VV-C,Dev,L1|UnitA|V|O,L1,UnitA,V,O
L1-O-VV-CHO,Lockbox,L1|UnitB|V|O,L1,UnitB,V,O
L1-O-ZnZn-C,Dev,L1|UnitA|Zn|O,L1,UnitA,Zn,O
L1-O-ZnZn-CHO,Dev,L1|UnitB|Zn|O,L1,UnitB,Zn,O
L10-N-CoCo-C,Dev,L10|UnitA|Co|N,L10,UnitA,Co,N
L10-N-CoCo-CHO,Dev,L10|UnitB|Co|N,L10,UnitB,Co,N
L10-N-CrCr-C,Dev,L10|UnitA|Cr|N,L10,UnitA,Cr,N
L10-N-CrCr-CHO,Dev,L10|UnitB|Cr|N,L10,UnitB,Cr,N
L10-N-CuCu-C,Dev,L10|UnitA|Cu|N,L10,UnitA,Cu,N
L10-N-CuCu-CHO,Dev,L10|UnitB|Cu|N,L10,UnitB,Cu,N
L10-N-FeFe-C,Dev,L10|UnitA|Fe|N,L10,UnitA,Fe,N
L10-N-FeFe-CHO,Dev,L10|UnitB|Fe|N,L10,UnitB,Fe,N
L10-N-MnMn-C,Dev,L10|UnitA|Mn|N,L10,UnitA,Mn,N
L10-N-MnMn-CHO,Dev,L10|UnitB|Mn|N,L10,UnitB,Mn,N
L10-N-NiNi-C,Dev,L10|UnitA|Ni|N,L10,UnitA,Ni,N
L10-N-NiNi-CHO,Dev,L10|UnitB|Ni|N,L10,UnitB,Ni,N
L10-N-ScSc-C,Dev,L10|UnitA|Sc|N,L10,UnitA,Sc,N
L10-N-ScSc-CHO,Lockbox,L10|UnitB|Sc|N,L10,UnitB,Sc,N
L10-N-TiTi-C,Dev,L10|UnitA|Ti|N,L10,UnitA,Ti,N
L10-N-TiTi-CHO,Dev,L10|UnitB|Ti|N,L10,UnitB,Ti,N
L10-N-VV-C,Dev,L10|UnitA|V|N,L10,UnitA,V,N
L10-N-VV-CHO,Dev,L10|UnitB|V|N,L10,UnitB,V,N
L10-N-ZnZn-C,Dev,L10|UnitA|Zn|N,L10,UnitA,Zn,N
L10-O-CoCo-CHO,Dev,L10|UnitB|Co|O,L10,UnitB,Co,O
L10-O-CrCr-C,Lockbox,L10|UnitA|Cr|O,L10,UnitA,Cr,O
L10-O-CrCr-CHO,Dev,L10|UnitB|Cr|O,L10,UnitB,Cr,O
L10-O-CuCu-C,Dev,L10|UnitA|Cu|O,L10,UnitA,Cu,O
L10-O-CuCu-CHO,Dev,L10|UnitB|Cu|O,L10,UnitB,Cu,O
L10-O-FeFe-C,Lockbox,L10|UnitA|Fe|O,L10,UnitA,Fe,O
L10-O-FeFe-CHO,Dev,L10|UnitB|Fe|O,L10,UnitB,Fe,O
L10-O-MnMn-C,Dev,L10|UnitA|Mn|O,L10,UnitA,Mn,O
L10-O-MnMn-CHO,Dev,L10|UnitB|Mn|O,L10,UnitB,Mn,O
L10-O-NiNi-C,Lockbox,L10|UnitA|Ni|O,L10,UnitA,Ni,O
L10-O-NiNi-CHO,Lockbox,L10|UnitB|Ni|O,L10,UnitB,Ni,O
L10-O-ScSc-C,Dev,L10|UnitA|Sc|O,L10,UnitA,Sc,O
L10-O-ScSc-CHO,Dev,L10|UnitB|Sc|O,L10,UnitB,Sc,O
L10-O-TiTi-C,Dev,L10|UnitA|Ti|O,L10,UnitA,Ti,O
L10-O-TiTi-CHO,Dev,L10|UnitB|Ti|O,L10,UnitB,Ti,O
L10-O-VV-C,Dev,L10|UnitA|V|O,L10,UnitA,V,O
L10-O-VV-CHO,Dev,L10|UnitB|V|O,L10,UnitB,V,O
L10-O-ZnZn-C,Dev,L10|UnitA|Zn|O,L10,UnitA,Zn,O
L10-O-ZnZn-CHO,Dev,L10|UnitB|Zn|O,L10,UnitB,Zn,O
L11-N-CoCo-C,Dev,L11|UnitA|Co|N,L11,UnitA,Co,N
L11-N-CoCo-CHO,Dev,L11|UnitB|Co|N,L11,UnitB,Co,N
L11-N-CrCr-C,Dev,L11|UnitA|Cr|N,L11,UnitA,Cr,N
L11-N-CrCr-CHO,Lockbox,L11|UnitB|Cr|N,L11,UnitB,Cr,N
L11-N-CuCu-C,Dev,L11|UnitA|Cu|N,L11,UnitA,Cu,N
L11-N-CuCu-CHO,Dev,L11|UnitB|Cu|N,L11,UnitB,Cu,N
L11-N-FeFe-C,Lockbox,L11|UnitA|Fe|N,L11,UnitA,Fe,N
L11-N-FeFe-CHO,Dev,L11|UnitB|Fe|N,L11,UnitB,Fe,N
L11-N-MnMn-C,Dev,L11|UnitA|Mn|N,L11,UnitA,Mn,N
L11-N-MnMn-CHO,Dev,L11|UnitB|Mn|N,L11,UnitB,Mn,N
L11-N-NiNi-C,Dev,L11|UnitA|Ni|N,L11,UnitA,Ni,N
L11-N-NiNi-CHO,Dev,L11|UnitB|Ni|N,L11,UnitB,Ni,N
L11-N-ScSc-C,Dev,L11|UnitA|Sc|N,L11,UnitA,Sc,N
L11-N-ScSc-CHO,Lockbox,L11|UnitB|Sc|N,L11,UnitB,Sc,N
L11-N-TiTi-C,Dev,L11|UnitA|Ti|N,L11,UnitA,Ti,N
L11-N-TiTi-CHO,Lockbox,L11|UnitB|Ti|N,L11,UnitB,Ti,N
L11-N-VV-C,Lockbox,L11|UnitA|V|N,L11,UnitA,V,N
L11-N-VV-CHO,Dev,L11|UnitB|V|N,L11,UnitB,V,N
L11-N-ZnZn-C,Lockbox,L11|UnitA|Zn|N,L11,UnitA,Zn,N
L11-O-CoCo-C,Lockbox,L11|UnitA|Co|O,L11,UnitA,Co,O
L11-O-CoCo-CHO,Dev,L11|UnitB|Co|O,L11,UnitB,Co,O
L11-O-CrCr-C,Lockbox,L11|UnitA|Cr|O,L11,UnitA,Cr,O
L11-O-CrCr-CHO,Dev,L11|UnitB|Cr|O,L11,UnitB,Cr,O
L11-O-CuCu-C,Dev,L11|UnitA|Cu|O,L11,UnitA,Cu,O
L11-O-CuCu-CHO,Lockbox,L11|UnitB|Cu|O,L11,UnitB,Cu,O
L11-O-FeFe-C,Dev,L11|UnitA|Fe|O,L11,UnitA,Fe,O
L11-O-FeFe-CHO,Lockbox,L11|UnitB|Fe|O,L11,UnitB,Fe,O
L11-O-MnMn-C,Dev,L11|UnitA|Mn|O,L11,UnitA,Mn,O
L11-O-MnMn-CHO,Dev,L11|UnitB|Mn|O,L11,UnitB,Mn,O
L11-O-NiNi-C,Lockbox,L11|UnitA|Ni|O,L11,UnitA,Ni,O
L11-O-NiNi-CHO,Lockbox,L11|UnitB|Ni|O,L11,UnitB,Ni,O
L11-O-ScSc-C,Dev,L11|UnitA|Sc|O,L11,UnitA,Sc,O
L11-O-ScSc-CHO,Dev,L11|UnitB|Sc|O,L11,UnitB,Sc,O
L11-O-TiTi-C,Dev,L11|UnitA|Ti|O,L11,UnitA,Ti,O
L11-O-TiTi-CHO,Dev,L11|UnitB|Ti|O,L11,UnitB,Ti,O
L11-O-VV-C,Lockbox,L11|UnitA|V|O,L11,UnitA,V,O
L11-O-VV-CHO,Dev,L11|UnitB|V|O,L11,UnitB,V,O
L11-O-ZnZn-C,Dev,L11|UnitA|Zn|O,L11,UnitA,Zn,O
L12-N-CoCo-C,Lockbox,L12|UnitA|Co|N,L12,UnitA,Co,N
L12-N-CoCo-CHO,Dev,L12|UnitB|Co|N,L12,UnitB,Co,N
L12-N-CrCr-C,Lockbox,L12|UnitA|Cr|N,L12,UnitA,Cr,N
L12-N-CrCr-CHO,Dev,L12|UnitB|Cr|N,L12,UnitB,Cr,N
L12-N-CuCu-C,Dev,L12|UnitA|Cu|N,L12,UnitA,Cu,N
L12-N-CuCu-CHO,Dev,L12|UnitB|Cu|N,L12,UnitB,Cu,N
L12-N-FeFe-C,Dev,L12|UnitA|Fe|N,L12,UnitA,Fe,N
L12-N-FeFe-CHO,Dev,L12|UnitB|Fe|N,L12,UnitB,Fe,N
L12-N-MnMn-C,Dev,L12|UnitA|Mn|N,L12,UnitA,Mn,N
L12-N-MnMn-CHO,Dev,L12|UnitB|Mn|N,L12,UnitB,Mn,N
L12-N-NiNi-C,Lockbox,L12|UnitA|Ni|N,L12,UnitA,Ni,N
L12-N-NiNi-CHO,Dev,L12|UnitB|Ni|N,L12,UnitB,Ni,N
L12-N-ScSc-C,Dev,L12|UnitA|Sc|N,L12,UnitA,Sc,N
L12-N-ScSc-CHO,Lockbox,L12|UnitB|Sc|N,L12,UnitB,Sc,N
L12-N-TiTi-C,Lockbox,L12|UnitA|Ti|N,L12,UnitA,Ti,N
L12-N-TiTi-CHO,Dev,L12|UnitB|Ti|N,L12,UnitB,Ti,N
L12-N-VV-C,Dev,L12|UnitA|V|N,L12,UnitA,V,N
L12-N-VV-CHO,Dev,L12|UnitB|V|N,L12,UnitB,V,N
L12-N-ZnZn-C,Dev,L12|UnitA|Zn|N,L12,UnitA,Zn,N
L12-N-ZnZn-CHO,Dev,L12|UnitB|Zn|N,L12,UnitB,Zn,N
L12-O-CoCo-C,Lockbox,L12|UnitA|Co|O,L12,UnitA,Co,O
L12-O-CoCo-CHO,Dev,L12|UnitB|Co|O,L12,UnitB,Co,O
L12-O-CrCr-C,Dev,L12|UnitA|Cr|O,L12,UnitA,Cr,O
L12-O-CrCr-CHO,Dev,L12|UnitB|Cr|O,L12,UnitB,Cr,O
L12-O-CuCu-C,Lockbox,L12|UnitA|Cu|O,L12,UnitA,Cu,O
L12-O-CuCu-CHO,Lockbox,L12|UnitB|Cu|O,L12,UnitB,Cu,O
L12-O-FeFe-C,Dev,L12|UnitA|Fe|O,L12,UnitA,Fe,O
L12-O-FeFe-CHO,Dev,L12|UnitB|Fe|O,L12,UnitB,Fe,O
L12-O-MnMn-C,Dev,L12|UnitA|Mn|O,L12,UnitA,Mn,O
L12-O-MnMn-CHO,Dev,L12|UnitB|Mn|O,L12,UnitB,Mn,O
L12-O-NiNi-C,Dev,L12|UnitA|Ni|O,L12,UnitA,Ni,O
L12-O-NiNi-CHO,Dev,L12|UnitB|Ni|O,L12,UnitB,Ni,O
L12-O-ScSc-C,Dev,L12|UnitA|Sc|O,L12,UnitA,Sc,O
L12-O-ScSc-CHO,Lockbox,L12|UnitB|Sc|O,L12,UnitB,Sc,O
L12-O-TiTi-C,Dev,L12|UnitA|Ti|O,L12,UnitA,Ti,O
L12-O-TiTi-CHO,Dev,L12|UnitB|Ti|O,L12,UnitB,Ti,O
L12-O-VV-C,Dev,L12|UnitA|V|O,L12,UnitA,V,O
L12-O-VV-CHO,Dev,L12|UnitB|V|O,L12,UnitB,V,O
L12-O-ZnZn-C,Dev,L12|UnitA|Zn|O,L12,UnitA,Zn,O
L13-N-CoCo-C,Dev,L13|UnitA|Co|N,L13,UnitA,Co,N
L13-N-CoCo-CHO,Lockbox,L13|UnitB|Co|N,L13,UnitB,Co,N
L13-N-CrCr-C,Dev,L13|UnitA|Cr|N,L13,UnitA,Cr,N
L13-N-CrCr-CHO,Dev,L13|UnitB|Cr|N,L13,UnitB,Cr,N
L13-N-CuCu-C,Dev,L13|UnitA|Cu|N,L13,UnitA,Cu,N
L13-N-CuCu-CHO,Dev,L13|UnitB|Cu|N,L13,UnitB,Cu,N
L13-N-FeFe-C,Dev,L13|UnitA|Fe|N,L13,UnitA,Fe,N
L13-N-FeFe-CHO,Dev,L13|UnitB|Fe|N,L13,UnitB,Fe,N
L13-N-MnMn-C,Dev,L13|UnitA|Mn|N,L13,UnitA,Mn,N
L13-N-MnMn-CHO,Dev,L13|UnitB|Mn|N,L13,UnitB,Mn,N
L13-N-NiNi-C,Dev,L13|UnitA|Ni|N,L13,UnitA,Ni,N
L13-N-NiNi-CHO,Lockbox,L13|UnitB|Ni|N,L13,UnitB,Ni,N
L13-N-ScSc-C,Dev,L13|UnitA|Sc|N,L13,UnitA,Sc,N
L13-N-ScSc-CHO,Dev,L13|UnitB|Sc|N,L13,UnitB,Sc,N
L13-N-TiTi-C,Dev,L13|UnitA|Ti|N,L13,UnitA,Ti,N
L13-N-TiTi-CHO,Dev,L13|UnitB|Ti|N,L13,UnitB,Ti,N
L13-N-VV-C,Lockbox,L13|UnitA|V|N,L13,UnitA,V,N
L13-N-VV-CHO,Dev,L13|UnitB|V|N,L13,UnitB,V,N
L13-N-ZnZn-C,Dev,L13|UnitA|Zn|N,L13,UnitA,Zn,N
L13-O-CoCo-C,Dev,L13|UnitA|Co|O,L13,UnitA,Co,O
L13-O-CoCo-CHO,Lockbox,L13|UnitB|Co|O,L13,UnitB,Co,O
L13-O-CrCr-C,Lockbox,L13|UnitA|Cr|O,L13,UnitA,Cr,O
L13-O-CrCr-CHO,Dev,L13|UnitB|Cr|O,L13,UnitB,Cr,O
L13-O-CuCu-C,Lockbox,L13|UnitA|Cu|O,L13,UnitA,Cu,O
L13-O-CuCu-CHO,Dev,L13|UnitB|Cu|O,L13,UnitB,Cu,O
L13-O-FeFe-C,Dev,L13|UnitA|Fe|O,L13,UnitA,Fe,O
L13-O-FeFe-CHO,Dev,L13|UnitB|Fe|O,L13,UnitB,Fe,O
L13-O-MnMn-C,Dev,L13|UnitA|Mn|O,L13,UnitA,Mn,O
L13-O-MnMn-CHO,Dev,L13|UnitB|Mn|O,L13,UnitB,Mn,O
L13-O-NiNi-C,Dev,L13|UnitA|Ni|O,L13,UnitA,Ni,O
L13-O-NiNi-CHO,Dev,L13|UnitB|Ni|O,L13,UnitB,Ni,O
L13-O-ScSc-C,Dev,L13|UnitA|Sc|O,L13,UnitA,Sc,O
L13-O-ScSc-CHO,Dev,L13|UnitB|Sc|O,L13,UnitB,Sc,O
L13-O-TiTi-C,Dev,L13|UnitA|Ti|O,L13,UnitA,Ti,O
L13-O-TiTi-CHO,Dev,L13|UnitB|Ti|O,L13,UnitB,Ti,O
L13-O-VV-C,Lockbox,L13|UnitA|V|O,L13,UnitA,V,O
L13-O-VV-CHO,Dev,L13|UnitB|V|O,L13,UnitB,V,O
L13-O-ZnZn-C,Dev,L13|UnitA|Zn|O,L13,UnitA,Zn,O
L13-O-ZnZn-CHO,Dev,L13|UnitB|Zn|O,L13,UnitB,Zn,O
L14-N-CoCo-C,Dev,L14|UnitA|Co|N,L14,UnitA,Co,N
L14-N-CrCr-C,Dev,L14|UnitA|Cr|N,L14,UnitA,Cr,N
L14-N-CuCu-C,Dev,L14|UnitA|Cu|N,L14,UnitA,Cu,N
L14-N-FeFe-C,Dev,L14|UnitA|Fe|N,L14,UnitA,Fe,N
L14-N-MnMn-C,Dev,L14|UnitA|Mn|N,L14,UnitA,Mn,N
L14-N-NiNi-C,Lockbox,L14|UnitA|Ni|N,L14,UnitA,Ni,N
L14-N-ScSc-C,Dev,L14|UnitA|Sc|N,L14,UnitA,Sc,N
L14-N-TiTi-C,Dev,L14|UnitA|Ti|N,L14,UnitA,Ti,N
L14-N-VV-C,Dev,L14|UnitA|V|N,L14,UnitA,V,N
L14-N-ZnZn-C,Dev,L14|UnitA|Zn|N,L14,UnitA,Zn,N
L14-O-CoCo-C,Dev,L14|UnitA|Co|O,L14,UnitA,Co,O
L14-O-CrCr-C,Dev,L14|UnitA|Cr|O,L14,UnitA,Cr,O
L14-O-CuCu-C,Dev,L14|UnitA|Cu|O,L14,UnitA,Cu,O
L14-O-FeFe-C,Dev,L14|UnitA|Fe|O,L14,UnitA,Fe,O
L14-O-MnMn-C,Lockbox,L14|UnitA|Mn|O,L14,UnitA,Mn,O
L14-O-NiNi-C,Lockbox,L14|UnitA|Ni|O,L14,UnitA,Ni,O
L14-O-ScSc-C,Dev,L14|UnitA|Sc|O,L14,UnitA,Sc,O
L14-O-TiTi-C,Dev,L14|UnitA|Ti|O,L14,UnitA,Ti,O
L14-O-VV-C,Dev,L14|UnitA|V|O,L14,UnitA,V,O
L14-O-ZnZn-C,Dev,L14|UnitA|Zn|O,L14,UnitA,Zn,O
L15-N-CoCo-C,Lockbox,L15|UnitA|Co|N,L15,UnitA,Co,N
L15-N-CrCr-C,Dev,L15|UnitA|Cr|N,L15,UnitA,Cr,N
L15-N-CuCu-C,Dev,L15|UnitA|Cu|N,L15,UnitA,Cu,N
L15-N-FeFe-C,Dev,L15|UnitA|Fe|N,L15,UnitA,Fe,N
L15-N-MnMn-C,Dev,L15|UnitA|Mn|N,L15,UnitA,Mn,N
L15-N-NiNi-C,Dev,L15|UnitA|Ni|N,L15,UnitA,Ni,N
L15-N-ScSc-C,Dev,L15|UnitA|Sc|N,L15,UnitA,Sc,N
L15-N-TiTi-C,Dev,L15|UnitA|Ti|N,L15,UnitA,Ti,N
L15-N-VV-C,Dev,L15|UnitA|V|N,L15,UnitA,V,N
L15-N-ZnZn-C,Dev,L15|UnitA|Zn|N,L15,UnitA,Zn,N
L15-O-CoCo-C,Dev,L15|UnitA|Co|O,L15,UnitA,Co,O
L15-O-CrCr-C,Dev,L15|UnitA|Cr|O,L15,UnitA,Cr,O
L15-O-CuCu-C,Dev,L15|UnitA|Cu|O,L15,UnitA,Cu,O
L15-O-FeFe-C,Lockbox,L15|UnitA|Fe|O,L15,UnitA,Fe,O
L15-O-MnMn-C,Dev,L15|UnitA|Mn|O,L15,UnitA,Mn,O
L15-O-NiNi-C,Dev,L15|UnitA|Ni|O,L15,UnitA,Ni,O
L15-O-ScSc-C,Dev,L15|UnitA|Sc|O,L15,UnitA,Sc,O
L15-O-TiTi-C,Dev,L15|UnitA|Ti|O,L15,UnitA,Ti,O
L15-O-VV-C,Dev,L15|UnitA|V|O,L15,UnitA,V,O
L15-O-ZnZn-C,Dev,L15|UnitA|Zn|O,L15,UnitA,Zn,O
L16-N-CoCo-C,Dev,L16|UnitA|Co|N,L16,UnitA,Co,N
L16-N-CrCr-C,Dev,L16|UnitA|Cr|N,L16,UnitA,Cr,N
L16-N-CuCu-C,Dev,L16|UnitA|Cu|N,L16,UnitA,Cu,N
L16-N-FeFe-C,Dev,L16|UnitA|Fe|N,L16,UnitA,Fe,N
L16-N-MnMn-C,Dev,L16|UnitA|Mn|N,L16,UnitA,Mn,N
L16-N-NiNi-C,Dev,L16|UnitA|Ni|N,L16,UnitA,Ni,N
L16-N-TiTi-C,Dev,L16|UnitA|Ti|N,L16,UnitA,Ti,N
L16-N-VV-C,Lockbox,L16|UnitA|V|N,L16,UnitA,V,N
L16-N-ZnZn-C,Lockbox,L16|UnitA|Zn|N,L16,UnitA,Zn,N
L16-O-CoCo-C,Dev,L16|UnitA|Co|O,L16,UnitA,Co,O
L16-O-CrCr-C,Dev,L16|UnitA|Cr|O,L16,UnitA,Cr,O
L16-O-CuCu-C,Lockbox,L16|UnitA|Cu|O,L16,UnitA,Cu,O
L16-O-FeFe-C,Dev,L16|UnitA|Fe|O,L16,UnitA,Fe,O
L16-O-MnMn-C,Dev,L16|UnitA|Mn|O,L16,UnitA,Mn,O
L16-O-NiNi-C,Dev,L16|UnitA|Ni|O,L16,UnitA,Ni,O
L16-O-TiTi-C,Dev,L16|UnitA|Ti|O,L16,UnitA,Ti,O
L16-O-VV-C,Lockbox,L16|UnitA|V|O,L16,UnitA,V,O
L16-O-ZnZn-C,Lockbox,L16|UnitA|Zn|O,L16,UnitA,Zn,O
L17-N-CoCo-C,Dev,L17|UnitA|Co|N,L17,UnitA,Co,N
L17-N-CoCo-CHO,Dev,L17|UnitB|Co|N,L17,UnitB,Co,N
L17-N-CrCr-C,Dev,L17|UnitA|Cr|N,L17,UnitA,Cr,N
L17-N-CrCr-CHO,Dev,L17|UnitB|Cr|N,L17,UnitB,Cr,N
L17-N-CuCu-C,Dev,L17|UnitA|Cu|N,L17,UnitA,Cu,N
L17-N-CuCu-CHO,Dev,L17|UnitB|Cu|N,L17,UnitB,Cu,N
L17-N-FeFe-C,Lockbox,L17|UnitA|Fe|N,L17,UnitA,Fe,N
L17-N-FeFe-CHO,Dev,L17|UnitB|Fe|N,L17,UnitB,Fe,N
L17-N-MnMn-C,Dev,L17|UnitA|Mn|N,L17,UnitA,Mn,N
L17-N-MnMn-CHO,Dev,L17|UnitB|Mn|N,L17,UnitB,Mn,N
L17-N-NiNi-C,Dev,L17|UnitA|Ni|N,L17,UnitA,Ni,N
L17-N-NiNi-CHO,Dev,L17|UnitB|Ni|N,L17,UnitB,Ni,N
L17-N-ScSc-C,Dev,L17|UnitA|Sc|N,L17,UnitA,Sc,N
L17-N-ScSc-CHO,Dev,L17|UnitB|Sc|N,L17,UnitB,Sc,N
L17-N-TiTi-C,Dev,L17|UnitA|Ti|N,L17,UnitA,Ti,N
L17-N-TiTi-CHO,Dev,L17|UnitB|Ti|N,L17,UnitB,Ti,N
L17-N-VV-C,Dev,L17|UnitA|V|N,L17,UnitA,V,N
L17-N-VV-CHO,Dev,L17|UnitB|V|N,L17,UnitB,V,N
L17-N-ZnZn-C,Dev,L17|UnitA|Zn|N,L17,UnitA,Zn,N
L17-O-CoCo-C,Lockbox,L17|UnitA|Co|O,L17,UnitA,Co,O
L17-O-CoCo-CHO,Dev,L17|UnitB|Co|O,L17,UnitB,Co,O
L17-O-CrCr-C,Lockbox,L17|UnitA|Cr|O,L17,UnitA,Cr,O
L17-O-CrCr-CHO,Lockbox,L17|UnitB|Cr|O,L17,UnitB,Cr,O
L17-O-CuCu-C,Dev,L17|UnitA|Cu|O,L17,UnitA,Cu,O
L17-O-CuCu-CHO,Dev,L17|UnitB|Cu|O,L17,UnitB,Cu,O
L17-O-FeFe-C,Dev,L17|UnitA|Fe|O,L17,UnitA,Fe,O
L17-O-FeFe-CHO,Dev,L17|UnitB|Fe|O,L17,UnitB,Fe,O
L17-O-MnMn-C,Dev,L17|UnitA|Mn|O,L17,UnitA,Mn,O
L17-O-MnMn-CHO,Dev,L17|UnitB|Mn|O,L17,UnitB,Mn,O
L17-O-NiNi-C,Dev,L17|UnitA|Ni|O,L17,UnitA,Ni,O
L17-O-NiNi-CHO,Dev,L17|UnitB|Ni|O,L17,UnitB,Ni,O
L17-O-ScSc-C,Dev,L17|UnitA|Sc|O,L17,UnitA,Sc,O
L17-O-ScSc-CHO,Dev,L17|UnitB|Sc|O,L17,UnitB,Sc,O
L17-O-TiTi-C,Dev,L17|UnitA|Ti|O,L17,UnitA,Ti,O
L17-O-TiTi-CHO,Dev,L17|UnitB|Ti|O,L17,UnitB,Ti,O
L17-O-VV-C,Dev,L17|UnitA|V|O,L17,UnitA,V,O
L17-O-VV-CHO,Dev,L17|UnitB|V|O,L17,UnitB,V,O
L17-O-ZnZn-C,Dev,L17|UnitA|Zn|O,L17,UnitA,Zn,O
L17-O-ZnZn-CHO,Lockbox,L17|UnitB|Zn|O,L17,UnitB,Zn,O
L18-N-CoCo-C,Dev,L18|UnitA|Co|N,L18,UnitA,Co,N
L18-N-CoCo-CHO,Dev,L18|UnitB|Co|N,L18,UnitB,Co,N
L18-N-CrCr-C,Dev,L18|UnitA|Cr|N,L18,UnitA,Cr,N
L18-N-CrCr-CHO,Dev,L18|UnitB|Cr|N,L18,UnitB,Cr,N
L18-N-CuCu-C,Dev,L18|UnitA|Cu|N,L18,UnitA,Cu,N
L18-N-CuCu-CHO,Lockbox,L18|UnitB|Cu|N,L18,UnitB,Cu,N
L18-N-FeFe-C,Dev,L18|UnitA|Fe|N,L18,UnitA,Fe,N
L18-N-FeFe-CHO,Lockbox,L18|UnitB|Fe|N,L18,UnitB,Fe,N
L18-N-MnMn-C,Lockbox,L18|UnitA|Mn|N,L18,UnitA,Mn,N
L18-N-MnMn-CHO,Dev,L18|UnitB|Mn|N,L18,UnitB,Mn,N
L18-N-NiNi-C,Dev,L18|UnitA|Ni|N,L18,UnitA,Ni,N
L18-N-ScSc-C,Dev,L18|UnitA|Sc|N,L18,UnitA,Sc,N
L18-N-ScSc-CHO,Dev,L18|UnitB|Sc|N,L18,UnitB,Sc,N
L18-N-TiTi-C,Dev,L18|UnitA|Ti|N,L18,UnitA,Ti,N
L18-N-VV-C,Dev,L18|UnitA|V|N,L18,UnitA,V,N
L18-N-VV-CHO,Lockbox,L18|UnitB|V|N,L18,UnitB,V,N
L18-N-ZnZn-C,Dev,L18|UnitA|Zn|N,L18,UnitA,Zn,N
L18-O-CoCo-C,Dev,L18|UnitA|Co|O,L18,UnitA,Co,O
L18-O-CoCo-CHO,Dev,L18|UnitB|Co|O,L18,UnitB,Co,O
L18-O-CrCr-C,Dev,L18|UnitA|Cr|O,L18,UnitA,Cr,O
L18-O-CrCr-CHO,Dev,L18|UnitB|Cr|O,L18,UnitB,Cr,O
L18-O-CuCu-C,Lockbox,L18|UnitA|Cu|O,L18,UnitA,Cu,O
L18-O-CuCu-CHO,Dev,L18|UnitB|Cu|O,L18,UnitB,Cu,O
L18-O-FeFe-C,Dev,L18|UnitA|Fe|O,L18,UnitA,Fe,O
L18-O-FeFe-CHO,Lockbox,L18|UnitB|Fe|O,L18,UnitB,Fe,O
L18-O-MnMn-C,Lockbox,L18|UnitA|Mn|O,L18,UnitA,Mn,O
L18-O-MnMn-CHO,Dev,L18|UnitB|Mn|O,L18,UnitB,Mn,O
L18-O-NiNi-C,Dev,L18|UnitA|Ni|O,L18,UnitA,Ni,O
L18-O-NiNi-CHO,Dev,L18|UnitB|Ni|O,L18,UnitB,Ni,O
L18-O-ScSc-C,Lockbox,L18|UnitA|Sc|O,L18,UnitA,Sc,O
L18-O-ScSc-CHO,Dev,L18|UnitB|Sc|O,L18,UnitB,Sc,O
L18-O-TiTi-C,Dev,L18|UnitA|Ti|O,L18,UnitA,Ti,O
L18-O-VV-C,Dev,L18|UnitA|V|O,L18,UnitA,V,O
L18-O-ZnZn-C,Dev,L18|UnitA|Zn|O,L18,UnitA,Zn,O
L19-N-CoCo-C,Dev,L19|UnitA|Co|N,L19,UnitA,Co,N
L19-N-CoCo-CHO,Dev,L19|UnitB|Co|N,L19,UnitB,Co,N
L19-N-CrCr-C,Dev,L19|UnitA|Cr|N,L19,UnitA,Cr,N
L19-N-CrCr-CHO,Dev,L19|UnitB|Cr|N,L19,UnitB,Cr,N
L19-N-CuCu-C,Lockbox,L19|UnitA|Cu|N,L19,UnitA,Cu,N
L19-N-CuCu-CHO,Dev,L19|UnitB|Cu|N,L19,UnitB,Cu,N
L19-N-FeFe-C,Dev,L19|UnitA|Fe|N,L19,UnitA,Fe,N
L19-N-FeFe-CHO,Lockbox,L19|UnitB|Fe|N,L19,UnitB,Fe,N
L19-N-MnMn-C,Dev,L19|UnitA|Mn|N,L19,UnitA,Mn,N
L19-N-MnMn-CHO,Dev,L19|UnitB|Mn|N,L19,UnitB,Mn,N
L19-N-NiNi-C,Dev,L19|UnitA|Ni|N,L19,UnitA,Ni,N
L19-N-NiNi-CHO,Dev,L19|UnitB|Ni|N,L19,UnitB,Ni,N
L19-N-ScSc-C,Dev,L19|UnitA|Sc|N,L19,UnitA,Sc,N
L19-N-ScSc-CHO,Dev,L19|UnitB|Sc|N,L19,UnitB,Sc,N
L19-N-TiTi-C,Dev,L19|UnitA|Ti|N,L19,UnitA,Ti,N
L19-N-TiTi-CHO,Dev,L19|UnitB|Ti|N,L19,UnitB,Ti,N
L19-N-VV-C,Dev,L19|UnitA|V|N,L19,UnitA,V,N
L19-N-VV-CHO,Lockbox,L19|UnitB|V|N,L19,UnitB,V,N
L19-N-ZnZn-C,Dev,L19|UnitA|Zn|N,L19,UnitA,Zn,N
L19-O-CoCo-C,Lockbox,L19|UnitA|Co|O,L19,UnitA,Co,O
L19-O-CoCo-CHO,Dev,L19|UnitB|Co|O,L19,UnitB,Co,O
L19-O-CrCr-C,Dev,L19|UnitA|Cr|O,L19,UnitA,Cr,O
L19-O-CrCr-CHO,Dev,L19|UnitB|Cr|O,L19,UnitB,Cr,O
L19-O-CuCu-C,Dev,L19|UnitA|Cu|O,L19,UnitA,Cu,O
L19-O-CuCu-CHO,Lockbox,L19|UnitB|Cu|O,L19,UnitB,Cu,O
L19-O-FeFe-C,Lockbox,L19|UnitA|Fe|O,L19,UnitA,Fe,O
L19-O-FeFe-CHO,Dev,L19|UnitB|Fe|O,L19,UnitB,Fe,O
L19-O-MnMn-C,Dev,L19|UnitA|Mn|O,L19,UnitA,Mn,O
L19-O-MnMn-CHO,Dev,L19|UnitB|Mn|O,L19,UnitB,Mn,O
L19-O-NiNi-C,Dev,L19|UnitA|Ni|O,L19,UnitA,Ni,O
L19-O-NiNi-CHO,Dev,L19|UnitB|Ni|O,L19,UnitB,Ni,O
L19-O-ScSc-C,Dev,L19|UnitA|Sc|O,L19,UnitA,Sc,O
L19-O-ScSc-CHO,Dev,L19|UnitB|Sc|O,L19,UnitB,Sc,O
L19-O-TiTi-C,Lockbox,L19|UnitA|Ti|O,L19,UnitA,Ti,O
L19-O-TiTi-CHO,Dev,L19|UnitB|Ti|O,L19,UnitB,Ti,O
L19-O-VV-C,Dev,L19|UnitA|V|O,L19,UnitA,V,O
L19-O-VV-CHO,Dev,L19|UnitB|V|O,L19,UnitB,V,O
L19-O-ZnZn-C,Dev,L19|UnitA|Zn|O,L19,UnitA,Zn,O
L19-O-ZnZn-CHO,Dev,L19|UnitB|Zn|O,L19,UnitB,Zn,O
L2-N-CoCo-C,Dev,L2|UnitA|Co|N,L2,UnitA,Co,N
L2-N-CoCo-CHO,Dev,L2|UnitB|Co|N,L2,UnitB,Co,N
L2-N-CrCr-C,Dev,L2|UnitA|Cr|N,L2,UnitA,Cr,N
L2-N-CrCr-CHO,Dev,L2|UnitB|Cr|N,L2,UnitB,Cr,N
L2-N-CuCu-C,Dev,L2|UnitA|Cu|N,L2,UnitA,Cu,N
L2-N-CuCu-CHO,Dev,L2|UnitB|Cu|N,L2,UnitB,Cu,N
L2-N-FeFe-C,Dev,L2|UnitA|Fe|N,L2,UnitA,Fe,N
L2-N-FeFe-CHO,Dev,L2|UnitB|Fe|N,L2,UnitB,Fe,N
L2-N-MnMn-C,Dev,L2|UnitA|Mn|N,L2,UnitA,Mn,N
L2-N-MnMn-CHO,Dev,L2|UnitB|Mn|N,L2,UnitB,Mn,N
L2-N-NiNi-C,Dev,L2|UnitA|Ni|N,L2,UnitA,Ni,N
L2-N-NiNi-CHO,Dev,L2|UnitB|Ni|N,L2,UnitB,Ni,N
L2-N-ScSc-C,Dev,L2|UnitA|Sc|N,L2,UnitA,Sc,N
L2-N-ScSc-CHO,Lockbox,L2|UnitB|Sc|N,L2,UnitB,Sc,N
L2-N-TiTi-C,Dev,L2|UnitA|Ti|N,L2,UnitA,Ti,N
L2-N-TiTi-CHO,Lockbox,L2|UnitB|Ti|N,L2,UnitB,Ti,N
L2-N-VV-C,Lockbox,L2|UnitA|V|N,L2,UnitA,V,N
L2-N-VV-CHO,Dev,L2|UnitB|V|N,L2,UnitB,V,N
L2-N-ZnZn-C,Lockbox,L2|UnitA|Zn|N,L2,UnitA,Zn,N
L2-N-ZnZn-CHO,Dev,L2|UnitB|Zn|N,L2,UnitB,Zn,N
L2-O-CoCo-C,Dev,L2|UnitA|Co|O,L2,UnitA,Co,O
L2-O-CoCo-CHO,Dev,L2|UnitB|Co|O,L2,UnitB,Co,O
L2-O-CrCr-C,Lockbox,L2|UnitA|Cr|O,L2,UnitA,Cr,O
L2-O-CrCr-CHO,Dev,L2|UnitB|Cr|O,L2,UnitB,Cr,O
L2-O-CuCu-C,Lockbox,L2|UnitA|Cu|O,L2,UnitA,Cu,O
L2-O-CuCu-CHO,Dev,L2|UnitB|Cu|O,L2,UnitB,Cu,O
L2-O-FeFe-C,Dev,L2|UnitA|Fe|O,L2,UnitA,Fe,O
L2-O-FeFe-CHO,Dev,L2|UnitB|Fe|O,L2,UnitB,Fe,O
L2-O-MnMn-C,Dev,L2|UnitA|Mn|O,L2,UnitA,Mn,O
L2-O-MnMn-CHO,Dev,L2|UnitB|Mn|O,L2,UnitB,Mn,O
L2-O-NiNi-C,Dev,L2|UnitA|Ni|O,L2,UnitA,Ni,O
L2-O-NiNi-CHO,Lockbox,L2|UnitB|Ni|O,L2,UnitB,Ni,O
L2-O-ScSc-C,Dev,L2|UnitA|Sc|O,L2,UnitA,Sc,O
L2-O-ScSc-CHO,Dev,L2|UnitB|Sc|O,L2,UnitB,Sc,O
L2-O-TiTi-C,Dev,L2|UnitA|Ti|O,L2,UnitA,Ti,O
L2-O-TiTi-CHO,Lockbox,L2|UnitB|Ti|O,L2,UnitB,Ti,O
L2-O-VV-C,Dev,L2|UnitA|V|O,L2,UnitA,V,O
L2-O-VV-CHO,Dev,L2|UnitB|V|O,L2,UnitB,V,O
L2-O-ZnZn-C,Dev,L2|UnitA|Zn|O,L2,UnitA,Zn,O
L2-O-ZnZn-CHO,Dev,L2|UnitB|Zn|O,L2,UnitB,Zn,O
L3-N-CoCo-C,Dev,L3|UnitA|Co|N,L3,UnitA,Co,N
L3-N-CoCo-CHO,Lockbox,L3|UnitB|Co|N,L3,UnitB,Co,N
L3-N-CrCr-C,Dev,L3|UnitA|Cr|N,L3,UnitA,Cr,N
L3-N-CrCr-CHO,Dev,L3|UnitB|Cr|N,L3,UnitB,Cr,N
L3-N-CuCu-C,Dev,L3|UnitA|Cu|N,L3,UnitA,Cu,N
L3-N-CuCu-CHO,Dev,L3|UnitB|Cu|N,L3,UnitB,Cu,N
L3-N-FeFe-C,Dev,L3|UnitA|Fe|N,L3,UnitA,Fe,N
L3-N-FeFe-CHO,Dev,L3|UnitB|Fe|N,L3,UnitB,Fe,N
L3-N-MnMn-C,Lockbox,L3|UnitA|Mn|N,L3,UnitA,Mn,N
L3-N-MnMn-CHO,Dev,L3|UnitB|Mn|N,L3,UnitB,Mn,N
L3-N-NiNi-C,Dev,L3|UnitA|Ni|N,L3,UnitA,Ni,N
L3-N-NiNi-CHO,Dev,L3|UnitB|Ni|N,L3,UnitB,Ni,N
L3-N-ScSc-C,Dev,L3|UnitA|Sc|N,L3,UnitA,Sc,N
L3-N-ScSc-CHO,Lockbox,L3|UnitB|Sc|N,L3,UnitB,Sc,N
L3-N-TiTi-C,Dev,L3|UnitA|Ti|N,L3,UnitA,Ti,N
L3-N-TiTi-CHO,Dev,L3|UnitB|Ti|N,L3,UnitB,Ti,N
L3-N-VV-C,Dev,L3|UnitA|V|N,L3,UnitA,V,N
L3-N-VV-CHO,Dev,L3|UnitB|V|N,L3,UnitB,V,N
L3-N-ZnZn-C,Dev,L3|UnitA|Zn|N,L3,UnitA,Zn,N
L3-N-ZnZn-CHO,Dev,L3|UnitB|Zn|N,L3,UnitB,Zn,N
L3-O-CoCo-C,Dev,L3|UnitA|Co|O,L3,UnitA,Co,O
L3-O-CoCo-CHO,Dev,L3|UnitB|Co|O,L3,UnitB,Co,O
L3-O-CrCr-C,Dev,L3|UnitA|Cr|O,L3,UnitA,Cr,O
L3-O-CrCr-CHO,Dev,L3|UnitB|Cr|O,L3,UnitB,Cr,O
L3-O-CuCu-C,Dev,L3|UnitA|Cu|O,L3,UnitA,Cu,O
L3-O-CuCu-CHO,Dev,L3|UnitB|Cu|O,L3,UnitB,Cu,O
L3-O-FeFe-C,Dev,L3|UnitA|Fe|O,L3,UnitA,Fe,O
L3-O-FeFe-CHO,Dev,L3|UnitB|Fe|O,L3,UnitB,Fe,O
L3-O-MnMn-C,Dev,L3|UnitA|Mn|O,L3,UnitA,Mn,O
L3-O-MnMn-CHO,Dev,L3|UnitB|Mn|O,L3,UnitB,Mn,O
L3-O-NiNi-C,Dev,L3|UnitA|Ni|O,L3,UnitA,Ni,O
L3-O-NiNi-CHO,Dev,L3|UnitB|Ni|O,L3,UnitB,Ni,O
L3-O-ScSc-C,Dev,L3|UnitA|Sc|O,L3,UnitA,Sc,O
L3-O-ScSc-CHO,Dev,L3|UnitB|Sc|O,L3,UnitB,Sc,O
L3-O-TiTi-C,Dev,L3|UnitA|Ti|O,L3,UnitA,Ti,O
L3-O-TiTi-CHO,Dev,L3|UnitB|Ti|O,L3,UnitB,Ti,O
L3-O-VV-C,Dev,L3|UnitA|V|O,L3,UnitA,V,O
L3-O-VV-CHO,Dev,L3|UnitB|V|O,L3,UnitB,V,O
L3-O-ZnZn-C,Dev,L3|UnitA|Zn|O,L3,UnitA,Zn,O
L3-O-ZnZn-CHO,Dev,L3|UnitB|Zn|O,L3,UnitB,Zn,O
L4-N-CoCo-C,Lockbox,L4|UnitA|Co|N,L4,UnitA,Co,N
L4-N-CoCo-CHO,Dev,L4|UnitB|Co|N,L4,UnitB,Co,N
L4-N-CrCr-C,Lockbox,L4|UnitA|Cr|N,L4,UnitA,Cr,N
L4-N-CrCr-CHO,Dev,L4|UnitB|Cr|N,L4,UnitB,Cr,N
L4-N-CuCu-C,Dev,L4|UnitA|Cu|N,L4,UnitA,Cu,N
L4-N-CuCu-CHO,Dev,L4|UnitB|Cu|N,L4,UnitB,Cu,N
L4-N-FeFe-C,Dev,L4|UnitA|Fe|N,L4,UnitA,Fe,N
L4-N-FeFe-CHO,Dev,L4|UnitB|Fe|N,L4,UnitB,Fe,N
L4-N-MnMn-C,Dev,L4|UnitA|Mn|N,L4,UnitA,Mn,N
L4-N-MnMn-CHO,Dev,L4|UnitB|Mn|N,L4,UnitB,Mn,N
L4-N-NiNi-C,Dev,L4|UnitA|Ni|N,L4,UnitA,Ni,N
L4-N-NiNi-CHO,Dev,L4|UnitB|Ni|N,L4,UnitB,Ni,N
L4-N-ScSc-C,Dev,L4|UnitA|Sc|N,L4,UnitA,Sc,N
L4-N-ScSc-CHO,Dev,L4|UnitB|Sc|N,L4,UnitB,Sc,N
L4-N-TiTi-C,Dev,L4|UnitA|Ti|N,L4,UnitA,Ti,N
L4-N-TiTi-CHO,Dev,L4|UnitB|Ti|N,L4,UnitB,Ti,N
L4-N-VV-C,Dev,L4|UnitA|V|N,L4,UnitA,V,N
L4-N-VV-CHO,Dev,L4|UnitB|V|N,L4,UnitB,V,N
L4-N-ZnZn-C,Lockbox,L4|UnitA|Zn|N,L4,UnitA,Zn,N
L4-N-ZnZn-CHO,Dev,L4|UnitB|Zn|N,L4,UnitB,Zn,N
L4-O-CoCo-C,Dev,L4|UnitA|Co|O,L4,UnitA,Co,O
L4-O-CoCo-CHO,Dev,L4|UnitB|Co|O,L4,UnitB,Co,O
L4-O-CrCr-C,Dev,L4|UnitA|Cr|O,L4,UnitA,Cr,O
L4-O-CrCr-CHO,Dev,L4|UnitB|Cr|O,L4,UnitB,Cr,O
L4-O-CuCu-C,Dev,L4|UnitA|Cu|O,L4,UnitA,Cu,O
L4-O-CuCu-CHO,Dev,L4|UnitB|Cu|O,L4,UnitB,Cu,O
L4-O-FeFe-C,Lockbox,L4|UnitA|Fe|O,L4,UnitA,Fe,O
L4-O-FeFe-CHO,Dev,L4|UnitB|Fe|O,L4,UnitB,Fe,O
L4-O-MnMn-C,Lockbox,L4|UnitA|Mn|O,L4,UnitA,Mn,O
L4-O-MnMn-CHO,Dev,L4|UnitB|Mn|O,L4,UnitB,Mn,O
L4-O-NiNi-C,Dev,L4|UnitA|Ni|O,L4,UnitA,Ni,O
L4-O-NiNi-CHO,Dev,L4|UnitB|Ni|O,L4,UnitB,Ni,O
L4-O-ScSc-C,Lockbox,L4|UnitA|Sc|O,L4,UnitA,Sc,O
L4-O-ScSc-CHO,Lockbox,L4|UnitB|Sc|O,L4,UnitB,Sc,O
L4-O-TiTi-C,Dev,L4|UnitA|Ti|O,L4,UnitA,Ti,O
L4-O-TiTi-CHO,Dev,L4|UnitB|Ti|O,L4,UnitB,Ti,O
L4-O-VV-C,Dev,L4|UnitA|V|O,L4,UnitA,V,O
L4-O-VV-CHO,Dev,L4|UnitB|V|O,L4,UnitB,V,O
L4-O-ZnZn-C,Dev,L4|UnitA|Zn|O,L4,UnitA,Zn,O
L5-N-CoCo-C,Dev,L5|UnitA|Co|N,L5,UnitA,Co,N
L5-N-CoCo-CHO,Dev,L5|UnitB|Co|N,L5,UnitB,Co,N
L5-N-CrCr-C,Lockbox,L5|UnitA|Cr|N,L5,UnitA,Cr,N
L5-N-CrCr-CHO,Dev,L5|UnitB|Cr|N,L5,UnitB,Cr,N
L5-N-CuCu-C,Dev,L5|UnitA|Cu|N,L5,UnitA,Cu,N
L5-N-CuCu-CHO,Dev,L5|UnitB|Cu|N,L5,UnitB,Cu,N
L5-N-FeFe-C,Dev,L5|UnitA|Fe|N,L5,UnitA,Fe,N
L5-N-FeFe-CHO,Dev,L5|UnitB|Fe|N,L5,UnitB,Fe,N
L5-N-MnMn-C,Dev,L5|UnitA|Mn|N,L5,UnitA,Mn,N
L5-N-MnMn-CHO,Dev,L5|UnitB|Mn|N,L5,UnitB,Mn,N
L5-N-NiNi-C,Lockbox,L5|UnitA|Ni|N,L5,UnitA,Ni,N
L5-N-NiNi-CHO,Dev,L5|UnitB|Ni|N,L5,UnitB,Ni,N
L5-N-ScSc-C,Lockbox,L5|UnitA|Sc|N,L5,UnitA,Sc,N
L5-N-ScSc-CHO,Dev,L5|UnitB|Sc|N,L5,UnitB,Sc,N
L5-N-TiTi-C,Dev,L5|UnitA|Ti|N,L5,UnitA,Ti,N
L5-N-TiTi-CHO,Dev,L5|UnitB|Ti|N,L5,UnitB,Ti,N
L5-N-VV-C,Dev,L5|UnitA|V|N,L5,UnitA,V,N
L5-N-VV-CHO,Lockbox,L5|UnitB|V|N,L5,UnitB,V,N
L5-N-ZnZn-C,Dev,L5|UnitA|Zn|N,L5,UnitA,Zn,N
L5-O-CoCo-C,Dev,L5|UnitA|Co|O,L5,UnitA,Co,O
L5-O-CoCo-CHO,Dev,L5|UnitB|Co|O,L5,UnitB,Co,O
L5-O-CrCr-C,Dev,L5|UnitA|Cr|O,L5,UnitA,Cr,O
L5-O-CrCr-CHO,Dev,L5|UnitB|Cr|O,L5,UnitB,Cr,O
L5-O-CuCu-C,Dev,L5|UnitA|Cu|O,L5,UnitA,Cu,O
L5-O-CuCu-CHO,Dev,L5|UnitB|Cu|O,L5,UnitB,Cu,O
L5-O-FeFe-C,Dev,L5|UnitA|Fe|O,L5,UnitA,Fe,O
L5-O-FeFe-CHO,Dev,L5|UnitB|Fe|O,L5,UnitB,Fe,O
L5-O-MnMn-C,Dev,L5|UnitA|Mn|O,L5,UnitA,Mn,O
L5-O-MnMn-CHO,Dev,L5|UnitB|Mn|O,L5,UnitB,Mn,O
L5-O-NiNi-C,Lockbox,L5|UnitA|Ni|O,L5,UnitA,Ni,O
L5-O-NiNi-CHO,Dev,L5|UnitB|Ni|O,L5,UnitB,Ni,O
L5-O-ScSc-C,Dev,L5|UnitA|Sc|O,L5,UnitA,Sc,O
L5-O-ScSc-CHO,Dev,L5|UnitB|Sc|O,L5,UnitB,Sc,O
L5-O-TiTi-C,Dev,L5|UnitA|Ti|O,L5,UnitA,Ti,O
L5-O-TiTi-CHO,Lockbox,L5|UnitB|Ti|O,L5,UnitB,Ti,O
L5-O-VV-C,Dev,L5|UnitA|V|O,L5,UnitA,V,O
L5-O-VV-CHO,Dev,L5|UnitB|V|O,L5,UnitB,V,O
L5-O-ZnZn-C,Dev,L5|UnitA|Zn|O,L5,UnitA,Zn,O
L5-O-ZnZn-CHO,Lockbox,L5|UnitB|Zn|O,L5,UnitB,Zn,O
L6-N-CoCo-C,Dev,L6|UnitA|Co|N,L6,UnitA,Co,N
L6-N-CoCo-CHO,Dev,L6|UnitB|Co|N,L6,UnitB,Co,N
L6-N-CrCr-C,Dev,L6|UnitA|Cr|N,L6,UnitA,Cr,N
L6-N-CrCr-CHO,Dev,L6|UnitB|Cr|N,L6,UnitB,Cr,N
L6-N-CuCu-C,Dev,L6|UnitA|Cu|N,L6,UnitA,Cu,N
L6-N-CuCu-CHO,Dev,L6|UnitB|Cu|N,L6,UnitB,Cu,N
L6-N-FeFe-C,Dev,L6|UnitA|Fe|N,L6,UnitA,Fe,N
L6-N-FeFe-CHO,Dev,L6|UnitB|Fe|N,L6,UnitB,Fe,N
L6-N-MnMn-C,Dev,L6|UnitA|Mn|N,L6,UnitA,Mn,N
L6-N-MnMn-CHO,Dev,L6|UnitB|Mn|N,L6,UnitB,Mn,N
L6-N-NiNi-C,Dev,L6|UnitA|Ni|N,L6,UnitA,Ni,N
L6-N-NiNi-CHO,Dev,L6|UnitB|Ni|N,L6,UnitB,Ni,N
L6-N-ScSc-C,Dev,L6|UnitA|Sc|N,L6,UnitA,Sc,N
L6-N-ScSc-CHO,Dev,L6|UnitB|Sc|N,L6,UnitB,Sc,N
L6-N-TiTi-C,Dev,L6|UnitA|Ti|N,L6,UnitA,Ti,N
L6-N-TiTi-CHO,Dev,L6|UnitB|Ti|N,L6,UnitB,Ti,N
L6-N-VV-C,Dev,L6|UnitA|V|N,L6,UnitA,V,N
L6-N-VV-CHO,Lockbox,L6|UnitB|V|N,L6,UnitB,V,N
L6-N-ZnZn-C,Dev,L6|UnitA|Zn|N,L6,UnitA,Zn,N
L6-N-ZnZn-CHO,Dev,L6|UnitB|Zn|N,L6,UnitB,Zn,N
L6-O-CoCo-C,Dev,L6|UnitA|Co|O,L6,UnitA,Co,O
L6-O-CoCo-CHO,Dev,L6|UnitB|Co|O,L6,UnitB,Co,O
L6-O-CrCr-C,Lockbox,L6|UnitA|Cr|O,L6,UnitA,Cr,O
L6-O-CrCr-CHO,Dev,L6|UnitB|Cr|O,L6,UnitB,Cr,O
L6-O-CuCu-C,Lockbox,L6|UnitA|Cu|O,L6,UnitA,Cu,O
L6-O-CuCu-CHO,Dev,L6|UnitB|Cu|O,L6,UnitB,Cu,O
L6-O-FeFe-C,Dev,L6|UnitA|Fe|O,L6,UnitA,Fe,O
L6-O-FeFe-CHO,Dev,L6|UnitB|Fe|O,L6,UnitB,Fe,O
L6-O-MnMn-C,Dev,L6|UnitA|Mn|O,L6,UnitA,Mn,O
L6-O-MnMn-CHO,Dev,L6|UnitB|Mn|O,L6,UnitB,Mn,O
L6-O-NiNi-C,Dev,L6|UnitA|Ni|O,L6,UnitA,Ni,O
L6-O-NiNi-CHO,Dev,L6|UnitB|Ni|O,L6,UnitB,Ni,O
L6-O-ScSc-C,Dev,L6|UnitA|Sc|O,L6,UnitA,Sc,O
L6-O-ScSc-CHO,Dev,L6|UnitB|Sc|O,L6,UnitB,Sc,O
L6-O-TiTi-C,Dev,L6|UnitA|Ti|O,L6,UnitA,Ti,O
L6-O-TiTi-CHO,Lockbox,L6|UnitB|Ti|O,L6,UnitB,Ti,O
L6-O-VV-C,Lockbox,L6|UnitA|V|O,L6,UnitA,V,O
L6-O-VV-CHO,Dev,L6|UnitB|V|O,L6,UnitB,V,O
L6-O-ZnZn-C,Dev,L6|UnitA|Zn|O,L6,UnitA,Zn,O
L7-N-CoCo-C,Dev,L7|UnitA|Co|N,L7,UnitA,Co,N
L7-N-CoCo-CHO,Dev,L7|UnitB|Co|N,L7,UnitB,Co,N
L7-N-CrCr-C,Dev,L7|UnitA|Cr|N,L7,UnitA,Cr,N
L7-N-CrCr-CHO,Dev,L7|UnitB|Cr|N,L7,UnitB,Cr,N
L7-N-CuCu-C,Dev,L7|UnitA|Cu|N,L7,UnitA,Cu,N
L7-N-CuCu-CHO,Lockbox,L7|UnitB|Cu|N,L7,UnitB,Cu,N
L7-N-FeFe-C,Dev,L7|UnitA|Fe|N,L7,UnitA,Fe,N
L7-N-FeFe-CHO,Dev,L7|UnitB|Fe|N,L7,UnitB,Fe,N
L7-N-MnMn-C,Dev,L7|UnitA|Mn|N,L7,UnitA,Mn,N
L7-N-MnMn-CHO,Dev,L7|UnitB|Mn|N,L7,UnitB,Mn,N
L7-N-NiNi-C,Dev,L7|UnitA|Ni|N,L7,UnitA,Ni,N
L7-N-NiNi-CHO,Dev,L7|UnitB|Ni|N,L7,UnitB,Ni,N
L7-N-ScSc-C,Dev,L7|UnitA|Sc|N,L7,UnitA,Sc,N
L7-N-ScSc-CHO,Dev,L7|UnitB|Sc|N,L7,UnitB,Sc,N
L7-N-TiTi-C,Dev,L7|UnitA|Ti|N,L7,UnitA,Ti,N
L7-N-TiTi-CHO,Lockbox,L7|UnitB|Ti|N,L7,UnitB,Ti,N
L7-N-VV-C,Lockbox,L7|UnitA|V|N,L7,UnitA,V,N
L7-N-VV-CHO,Dev,L7|UnitB|V|N,L7,UnitB,V,N
L7-N-ZnZn-C,Dev,L7|UnitA|Zn|N,L7,UnitA,Zn,N
L7-N-ZnZn-CHO,Dev,L7|UnitB|Zn|N,L7,UnitB,Zn,N
L7-O-CoCo-C,Dev,L7|UnitA|Co|O,L7,UnitA,Co,O
L7-O-CoCo-CHO,Dev,L7|UnitB|Co|O,L7,UnitB,Co,O
L7-O-CrCr-C,Dev,L7|UnitA|Cr|O,L7,UnitA,Cr,O
L7-O-CrCr-CHO,Dev,L7|UnitB|Cr|O,L7,UnitB,Cr,O
L7-O-CuCu-C,Dev,L7|UnitA|Cu|O,L7,UnitA,Cu,O
L7-O-CuCu-CHO,Dev,L7|UnitB|Cu|O,L7,UnitB,Cu,O
L7-O-FeFe-C,Dev,L7|UnitA|Fe|O,L7,UnitA,Fe,O
L7-O-FeFe-CHO,Dev,L7|UnitB|Fe|O,L7,UnitB,Fe,O
L7-O-MnMn-C,Dev,L7|UnitA|Mn|O,L7,UnitA,Mn,O
L7-O-MnMn-CHO,Dev,L7|UnitB|Mn|O,L7,UnitB,Mn,O
L7-O-NiNi-C,Dev,L7|UnitA|Ni|O,L7,UnitA,Ni,O
L7-O-NiNi-CHO,Dev,L7|UnitB|Ni|O,L7,UnitB,Ni,O
L7-O-ScSc-C,Dev,L7|UnitA|Sc|O,L7,UnitA,Sc,O
L7-O-ScSc-CHO,Dev,L7|UnitB|Sc|O,L7,UnitB,Sc,O
L7-O-TiTi-C,Dev,L7|UnitA|Ti|O,L7,UnitA,Ti,O
L7-O-TiTi-CHO,Dev,L7|UnitB|Ti|O,L7,UnitB,Ti,O
L7-O-VV-C,Dev,L7|UnitA|V|O,L7,UnitA,V,O
L7-O-VV-CHO,Lockbox,L7|UnitB|V|O,L7,UnitB,V,O
L7-O-ZnZn-C,Dev,L7|UnitA|Zn|O,L7,UnitA,Zn,O
L8-N-CoCo-C,Dev,L8|UnitA|Co|N,L8,UnitA,Co,N
L8-N-CoCo-CHO,Dev,L8|UnitB|Co|N,L8,UnitB,Co,N
L8-N-CrCr-C,Dev,L8|UnitA|Cr|N,L8,UnitA,Cr,N
L8-N-CrCr-CHO,Dev,L8|UnitB|Cr|N,L8,UnitB,Cr,N
L8-N-CuCu-C,Dev,L8|UnitA|Cu|N,L8,UnitA,Cu,N
L8-N-CuCu-CHO,Dev,L8|UnitB|Cu|N,L8,UnitB,Cu,N
L8-N-FeFe-C,Lockbox,L8|UnitA|Fe|N,L8,UnitA,Fe,N
L8-N-FeFe-CHO,Dev,L8|UnitB|Fe|N,L8,UnitB,Fe,N
L8-N-MnMn-C,Dev,L8|UnitA|Mn|N,L8,UnitA,Mn,N
L8-N-MnMn-CHO,Dev,L8|UnitB|Mn|N,L8,UnitB,Mn,N
L8-N-NiNi-C,Dev,L8|UnitA|Ni|N,L8,UnitA,Ni,N
L8-N-NiNi-CHO,Lockbox,L8|UnitB|Ni|N,L8,UnitB,Ni,N
L8-N-ScSc-C,Dev,L8|UnitA|Sc|N,L8,UnitA,Sc,N
L8-N-ScSc-CHO,Dev,L8|UnitB|Sc|N,L8,UnitB,Sc,N
L8-N-TiTi-C,Dev,L8|UnitA|Ti|N,L8,UnitA,Ti,N
L8-N-TiTi-CHO,Lockbox,L8|UnitB|Ti|N,L8,UnitB,Ti,N
L8-N-VV-C,Dev,L8|UnitA|V|N,L8,UnitA,V,N
L8-N-VV-CHO,Dev,L8|UnitB|V|N,L8,UnitB,V,N
L8-N-ZnZn-C,Dev,L8|UnitA|Zn|N,L8,UnitA,Zn,N
L8-N-ZnZn-CHO,Dev,L8|UnitB|Zn|N,L8,UnitB,Zn,N
L8-O-CoCo-C,Dev,L8|UnitA|Co|O,L8,UnitA,Co,O
L8-O-CoCo-CHO,Dev,L8|UnitB|Co|O,L8,UnitB,Co,O
L8-O-CrCr-C,Dev,L8|UnitA|Cr|O,L8,UnitA,Cr,O
L8-O-CrCr-CHO,Dev,L8|UnitB|Cr|O,L8,UnitB,Cr,O
L8-O-CuCu-C,Dev,L8|UnitA|Cu|O,L8,UnitA,Cu,O
L8-O-CuCu-CHO,Dev,L8|UnitB|Cu|O,L8,UnitB,Cu,O
L8-O-FeFe-C,Lockbox,L8|UnitA|Fe|O,L8,UnitA,Fe,O
L8-O-FeFe-CHO,Dev,L8|UnitB|Fe|O,L8,UnitB,Fe,O
L8-O-MnMn-C,Dev,L8|UnitA|Mn|O,L8,UnitA,Mn,O
L8-O-MnMn-CHO,Dev,L8|UnitB|Mn|O,L8,UnitB,Mn,O
L8-O-NiNi-C,Dev,L8|UnitA|Ni|O,L8,UnitA,Ni,O
L8-O-NiNi-CHO,Lockbox,L8|UnitB|Ni|O,L8,UnitB,Ni,O
L8-O-ScSc-C,Dev,L8|UnitA|Sc|O,L8,UnitA,Sc,O
L8-O-ScSc-CHO,Dev,L8|UnitB|Sc|O,L8,UnitB,Sc,O
L8-O-TiTi-C,Dev,L8|UnitA|Ti|O,L8,UnitA,Ti,O
L8-O-TiTi-CHO,Lockbox,L8|UnitB|Ti|O,L8,UnitB,Ti,O
L8-O-VV-C,Dev,L8|UnitA|V|O,L8,UnitA,V,O
L8-O-VV-CHO,Dev,L8|UnitB|V|O,L8,UnitB,V,O
L8-O-ZnZn-C,Dev,L8|UnitA|Zn|O,L8,UnitA,Zn,O
L9-N-CoCo-C,Dev,L9|UnitA|Co|N,L9,UnitA,Co,N
L9-N-CoCo-CHO,Dev,L9|UnitB|Co|N,L9,UnitB,Co,N
L9-N-CrCr-C,Dev,L9|UnitA|Cr|N,L9,UnitA,Cr,N
L9-N-CrCr-CHO,Dev,L9|UnitB|Cr|N,L9,UnitB,Cr,N
L9-N-CuCu-C,Dev,L9|UnitA|Cu|N,L9,UnitA,Cu,N
L9-N-CuCu-CHO,Dev,L9|UnitB|Cu|N,L9,UnitB,Cu,N
L9-N-FeFe-C,Dev,L9|UnitA|Fe|N,L9,UnitA,Fe,N
L9-N-FeFe-CHO,Dev,L9|UnitB|Fe|N,L9,UnitB,Fe,N
L9-N-MnMn-C,Lockbox,L9|UnitA|Mn|N,L9,UnitA,Mn,N
L9-N-MnMn-CHO,Dev,L9|UnitB|Mn|N,L9,UnitB,Mn,N
L9-N-NiNi-C,Dev,L9|UnitA|Ni|N,L9,UnitA,Ni,N
L9-N-NiNi-CHO,Dev,L9|UnitB|Ni|N,L9,UnitB,Ni,N
L9-N-ScSc-C,Dev,L9|UnitA|Sc|N,L9,UnitA,Sc,N
L9-N-ScSc-CHO,Dev,L9|UnitB|Sc|N,L9,UnitB,Sc,N
L9-N-TiTi-C,Dev,L9|UnitA|Ti|N,L9,UnitA,Ti,N
L9-N-TiTi-CHO,Dev,L9|UnitB|Ti|N,L9,UnitB,Ti,N
L9-N-VV-C,Dev,L9|UnitA|V|N,L9,UnitA,V,N
L9-N-VV-CHO,Lockbox,L9|UnitB|V|N,L9,UnitB,V,N
L9-N-ZnZn-C,Dev,L9|UnitA|Zn|N,L9,UnitA,Zn,N
L9-N-ZnZn-CHO,Dev,L9|UnitB|Zn|N,L9,UnitB,Zn,N
L9-O-CoCo-C,Lockbox,L9|UnitA|Co|O,L9,UnitA,Co,O
L9-O-CoCo-CHO,Lockbox,L9|UnitB|Co|O,L9,UnitB,Co,O
L9-O-CrCr-C,Dev,L9|UnitA|Cr|O,L9,UnitA,Cr,O
L9-O-CrCr-CHO,Dev,L9|UnitB|Cr|O,L9,UnitB,Cr,O
L9-O-CuCu-C,Lockbox,L9|UnitA|Cu|O,L9,UnitA,Cu,O
L9-O-CuCu-CHO,Dev,L9|UnitB|Cu|O,L9,UnitB,Cu,O
L9-O-FeFe-C,Lockbox,L9|UnitA|Fe|O,L9,UnitA,Fe,O
L9-O-FeFe-CHO,Lockbox,L9|UnitB|Fe|O,L9,UnitB,Fe,O
L9-O-MnMn-C,Lockbox,L9|UnitA|Mn|O,L9,UnitA,Mn,O
L9-O-MnMn-CHO,Dev,L9|UnitB|Mn|O,L9,UnitB,Mn,O
L9-O-NiNi-C,Dev,L9|UnitA|Ni|O,L9,UnitA,Ni,O
L9-O-NiNi-CHO,Dev,L9|UnitB|Ni|O,L9,UnitB,Ni,O
L9-O-ScSc-C,Lockbox,L9|UnitA|Sc|O,L9,UnitA,Sc,O
L9-O-ScSc-CHO,Dev,L9|UnitB|Sc|O,L9,UnitB,Sc,O
L9-O-TiTi-C,Dev,L9|UnitA|Ti|O,L9,UnitA,Ti,O
L9-O-TiTi-CHO,Lockbox,L9|UnitB|Ti|O,L9,UnitB,Ti,O
L9-O-VV-C,Dev,L9|UnitA|V|O,L9,UnitA,V,O
L9-O-VV-CHO,Dev,L9|UnitB|V|O,L9,UnitB,V,O
L9-O-ZnZn-C,Dev,L9|UnitA|Zn|O,L9,UnitA,Zn,O
L9-O-ZnZn-CHO,Dev,L9|UnitB|Zn|O,L9,UnitB,Zn,O
